{
    "SIMBData": {
        "out": "amcQwB.o",
        "archive": "archive.4/_66962_archive_1.a",
        "bytes": 412016,
        "text": 0
    },
    "stat": {
        "ru_self_cgstart": {
            "ru_stime_sec": 0.93315199999999998,
            "ru_utime_sec": 11.754516000000001,
            "ru_maxrss_kb": 187180,
            "ru_minflt": 27608,
            "ru_majflt": 0,
            "ru_nivcsw": 322,
            "ru_nvcsw": 33
        },
        "ru_childs_cgstart": {
            "ru_stime_sec": 0.035829,
            "ru_utime_sec": 0.029340999999999999,
            "ru_maxrss_kb": 187180,
            "ru_minflt": 2792,
            "ru_majflt": 0,
            "ru_nivcsw": 3,
            "ru_nvcsw": 17
        },
        "ru_childs_end": {
            "ru_stime_sec": 0.037929999999999998,
            "ru_utime_sec": 0.031440999999999997,
            "ru_maxrss_kb": 187180,
            "ru_minflt": 3015,
            "ru_majflt": 0,
            "ru_nivcsw": 3,
            "ru_nvcsw": 18
        },
        "cpu_cycles_cgstart": 841527316932420,
        "totalObjSize": 11915478,
        "nMops": 410854,
        "nQuads": 145002,
        "cpu_cycles_total": 38849921921,
        "ru_self_end": {
            "ru_stime_sec": 1.84304,
            "ru_utime_sec": 16.460381999999999,
            "ru_maxrss_kb": 192420,
            "ru_minflt": 29991,
            "ru_majflt": 0,
            "ru_nivcsw": 352,
            "ru_nvcsw": 38
        },
        "cpu_cycles_end": 841538517257074,
        "quadSpeed": 30799.287845324292,
        "mopSpeed": 87267.834984364818,
        "mop/quad": 2.8334367801823421,
        "outputSizePerQuad": 82.174576902387557,
        "CodeGen(%)": 28.547274609968824,
        "Frontend(%)": 71.452725390031176,
        "peak_mem_kb": 287788,
        "realTime": 19.557958126068115
    },
    "cycles_program_begin": 841499667335153,
    "PrevCompiledModules": {
        "ahbl_mst_pkg": {
            "gnkke_d": {
                "archive": "archive.4/_66962_archive_1.a",
                "bytes": 334152,
                "mode": 4,
                "mod": "ahbl_mst_pkg",
                "out": "gnkke_d.o",
                "checksum": 0
            }
        },
        "uvm_pkg": {
            "zr7M1_d": {
                "archive": "archive.4/_66962_archive_1.a",
                "bytes": 4059936,
                "mode": 4,
                "mod": "uvm_pkg",
                "out": "zr7M1_d.o",
                "checksum": 0
            }
        },
        "cmsdk_ahb_to_apb": {
            "jt5yu_d": {
                "archive": "archive.4/_66962_archive_1.a",
                "bytes": 36466,
                "mode": 4,
                "mod": "cmsdk_ahb_to_apb",
                "out": "jt5yu_d.o",
                "checksum": 0
            }
        },
        "vcs_paramclassrepository": {
            "hEeZs_d": {
                "archive": "archive.4/_66962_archive_1.a",
                "bytes": 6153858,
                "mode": 4,
                "mod": "vcs_paramclassrepository",
                "out": "hEeZs_d.o",
                "checksum": 0
            }
        },
        "apb_if": {
            "d9vZk_d": {
                "archive": "archive.4/_66962_archive_1.a",
                "bytes": 49190,
                "mode": 4,
                "mod": "apb_if",
                "out": "d9vZk_d.o",
                "checksum": 0
            }
        },
        "ahb2apb_tb": {
            "E9dbv_d": {
                "archive": "archive.4/_66962_archive_1.a",
                "bytes": 60806,
                "mode": 4,
                "mod": "ahb2apb_tb",
                "out": "E9dbv_d.o",
                "checksum": 0
            }
        },
        "ahb2apb_pkg": {
            "V0U5V_d": {
                "archive": "archive.4/_66962_archive_1.a",
                "bytes": 113968,
                "mode": 4,
                "mod": "ahb2apb_pkg",
                "out": "V0U5V_d.o",
                "checksum": 0
            }
        },
        "std": {
            "reYIK_d": {
                "archive": "archive.4/_66962_archive_1.a",
                "bytes": 36884,
                "mode": 4,
                "mod": "std",
                "out": "reYIK_d.o",
                "checksum": 0
            }
        },
        "uvm_custom_install_recording": {
            "nhiwz_d": {
                "archive": "archive.4/_66962_archive_1.a",
                "bytes": 214512,
                "mode": 4,
                "mod": "uvm_custom_install_recording",
                "out": "nhiwz_d.o",
                "checksum": 0
            }
        },
        "_vcs_msglog": {
            "zQBzV_d": {
                "archive": "archive.4/_66962_archive_1.a",
                "bytes": 10878,
                "mode": 4,
                "mod": "_vcs_msglog",
                "out": "zQBzV_d.o",
                "checksum": 0
            }
        },
        "...MASTER...": {
            "amcQw_d": {
                "bytes": 9186,
                "mode": 4,
                "mod": "...MASTER...",
                "out": "objs/amcQw_d.o",
                "checksum": 0
            }
        },
        "ahbl_if": {
            "h9dNv_d": {
                "archive": "archive.4/_66962_archive_1.a",
                "bytes": 67174,
                "mode": 4,
                "mod": "ahbl_if",
                "out": "h9dNv_d.o",
                "checksum": 0
            }
        },
        "reset_if": {
            "z8y86_d": {
                "archive": "archive.4/_66962_archive_1.a",
                "bytes": 13952,
                "mode": 4,
                "mod": "reset_if",
                "out": "z8y86_d.o",
                "checksum": 0
            }
        },
        "_vcs_unit__2053147340": {
            "Cf7DN_d": {
                "archive": "archive.4/_66962_archive_1.a",
                "bytes": 191502,
                "mode": 4,
                "mod": "_vcs_unit__2053147340",
                "out": "Cf7DN_d.o",
                "checksum": 0
            }
        },
        "apb_slv_pkg": {
            "yJwZq_d": {
                "archive": "archive.4/_66962_archive_1.a",
                "bytes": 150998,
                "mode": 4,
                "mod": "apb_slv_pkg",
                "out": "yJwZq_d.o",
                "checksum": 0
            }
        }
    },
    "MlibObjs": {},
    "perf": [
        {
            "sub": [
                {
                    "sub": [],
                    "stat": [
                        "doParsingAndDesignResolution",
                        "entry",
                        1.3173599243164062,
                        0.109568,
                        0.050869999999999999,
                        209812,
                        210612,
                        0.0,
                        0.0,
                        1739947286.7713659,
                        841502182559949
                    ]
                },
                {
                    "sub": [],
                    "stat": [
                        "doParsingAndDesignResolution",
                        "exit",
                        4.9039320945739746,
                        3.3090700000000002,
                        0.433029,
                        253116,
                        253764,
                        0.0,
                        0.0,
                        1739947290.3579381,
                        841509327217601
                    ]
                },
                {
                    "sub": [
                        {
                            "sub": [],